{
    "name": "RemoteDebug",
    "keywords": "debug, remote, telnet, WiFi, websockets, dubugging, monitor",
    "description": "A library for ESP2866 and ESP32 for debuging projects over WiFi.\n\nRemoteDebug sets up a TCP/IP server, that you connect to using telnet or websockets (using a dedicated web app).\nFork of unmaintained Joao Lopes'es RemoteDebug library with few major issues resolved.",
    "repository": {
        "type": "git",
        "url": "https://github.com/karol-brejna-i/RemoteDebug.git"
    },
    "license": "MIT",
    "frameworks": "arduino",
    "platforms": "espressif32, espressif8266",
    "authors": [
        {
            "name": "Karol Brejna",
            "maintainer": true
        },
        {
            "name": "Joao Lopes"
        }
    ],
    "examples": [
        {
            "name": "Simple",
            "base": "examples/simple",
            "files": [
                "simple.ino"
            ]
        },
        {
            "name": "Debugger",
            "base": "examples/RemoteDebug_Debugger",
            "files": [
                "RemoteDebug_Debugger.ino"
            ]
        },
        {
            "name": "Advanced",
            "base": "examples/RemoteDebug_Advanced",
            "files": [
                "RemoteDebug_Advanced.ino"
            ]
        }
    ],
    "version": "4.0.1",
    "dependencies": {
        "links2004/WebSockets": "2.3.4"
    }
}